sens_start,location,type,place,obs,activity
2011-11-28 02:27:59,Bed,Pressure,Bedroom,Bed|Bedroom,Sleeping
2011-11-28 10:21:24,Cabinet,Magnetic,Bathroom,Cabinet|Bathroom,Toileting
2011-11-28 10:21:44,Basin,PIR,Bathroom,Basin|Bathroom,Toileting
2011-11-28 10:23:02,Toilet,Flush,Bathroom,Toilet|Bathroom,Toileting
2011-11-28 10:25:44,Shower,PIR,Bathroom,Shower|Bathroom,Showering
2011-11-28 10:34:23,Fridge,Magnetic,Kitchen,Fridge|Kitchen,Breakfast
2011-11-28 10:34:44,Cupboard,Magnetic,Kitchen,Cupboard|Kitchen,Breakfast
2011-11-28 10:38:00,Toaster,Electric,Kitchen,Toaster|Kitchen,Breakfast
2011-11-28 10:38:33,Fridge,Magnetic,Kitchen,Fridge|Kitchen,Breakfast
2011-11-28 10:41:29,Cupboard,Magnetic,Kitchen,Cupboard|Kitchen,Breakfast
2011-11-28 10:41:43,Cooktop,PIR,Kitchen,Cooktop|Kitchen,Breakfast
2011-11-28 10:41:59,Microwave,Electric,Kitchen,Microwave|Kitchen,Breakfast
2011-11-28 10:49:48,Basin,PIR,Bathroom,Basin|Bathroom,Grooming
2011-11-28 10:51:41,Seat,Pressure,Living,Seat|Living,Spare_Time/TV
2011-11-28 13:06:04,Basin,PIR,Bathroom,Basin|Bathroom,Toileting
2011-11-28 13:06:07,Toilet,Flush,Bathroom,Toilet|Bathroom,Toileting
2011-11-28 13:09:31,Maindoor,Magnetic,Entrance,Maindoor|Entrance,Leaving
2011-11-28 13:28:59,Maindoor,Magnetic,Entrance,Maindoor|Entrance,Leaving
2011-11-28 13:38:40,Seat,Pressure,Living,Seat|Living,Spare_Time/TV
2011-11-28 14:26:38,Toilet,Flush,Bathroom,Toilet|Bathroom,Toileting
2011-11-28 14:27:11,Fridge,Magnetic,Kitchen,Fridge|Kitchen,Lunch
2011-11-28 14:28:48,Cupboard,Magnetic,Kitchen,Cupboard|Kitchen,Lunch
2011-11-28 14:31:06,Cooktop,PIR,Kitchen,Cooktop|Kitchen,Lunch
2011-11-28 14:31:44,Cupboard,Magnetic,Kitchen,Cupboard|Kitchen,Lunch
2011-11-28 14:35:22,Fridge,Magnetic,Kitchen,Fridge|Kitchen,Lunch
2011-11-28 15:04:59,Basin,PIR,Bathroom,Basin|Bathroom,Grooming
2011-11-28 15:07:01,Seat,Pressure,Living,Seat|Living,Spare_Time/TV
2011-11-28 16:10:05,Basin,PIR,Bathroom,Basin|Bathroom,Spare_Time/TV
2011-11-28 16:10:38,Seat,Pressure,Living,Seat|Living,Spare_Time/TV
2011-11-28 20:20:55,Fridge,Magnetic,Kitchen,Fridge|Kitchen,Snack
2011-11-28 20:21:15,Seat,Pressure,Living,Seat|Living,Spare_Time/TV
2011-11-29 02:16:05,Bed,Pressure,Bedroom,Bed|Bedroom,Sleeping
2011-11-29 11:37:38,Basin,PIR,Bathroom,Basin|Bathroom,Grooming
2011-11-29 11:38:16,Cabinet,Magnetic,Bathroom,Cabinet|Bathroom,Grooming
2011-11-29 11:48:52,Cabinet,Magnetic,Bathroom,Cabinet|Bathroom,Grooming
2011-11-29 11:49:57,Shower,PIR,Bathroom,Shower|Bathroom,Showering
2011-11-29 12:08:28,Cupboard,Magnetic,Kitchen,Cupboard|Kitchen,Breakfast
2011-11-29 12:09:09,Toaster,Electric,Kitchen,Toaster|Kitchen,Breakfast
2011-11-29 12:09:24,Fridge,Magnetic,Kitchen,Fridge|Kitchen,Breakfast
2011-11-29 12:09:42,Microwave,Electric,Kitchen,Microwave|Kitchen,Breakfast
2011-11-29 12:19:16,Cabinet,Magnetic,Bathroom,Cabinet|Bathroom,Grooming
2011-11-29 12:19:24,Basin,PIR,Bathroom,Basin|Bathroom,Grooming
2011-11-29 12:21:56,Toilet,Flush,Bathroom,Toilet|Bathroom,Grooming
2011-11-29 12:22:38,Seat,Pressure,Living,Seat|Living,Spare_Time/TV
2011-11-29 13:25:29,Fridge,Magnetic,Kitchen,Fridge|Kitchen,Snack
2011-11-29 13:25:38,Seat,Pressure,Living,Seat|Living,Spare_Time/TV
2011-11-29 15:13:28,Toilet,Flush,Bathroom,Toilet|Bathroom,Toileting
2011-11-29 15:13:32,Basin,PIR,Bathroom,Basin|Bathroom,Toileting
2011-11-29 15:14:33,Cupboard,Magnetic,Kitchen,Cupboard|Kitchen,Lunch
2011-11-29 15:15:14,Cooktop,PIR,Kitchen,Cooktop|Kitchen,Lunch
2011-11-29 15:15:17,Microwave,Electric,Kitchen,Microwave|Kitchen,Lunch
2011-11-29 15:15:27,Cupboard,Magnetic,Kitchen,Cupboard|Kitchen,Lunch
2011-11-29 15:24:13,Fridge,Magnetic,Kitchen,Fridge|Kitchen,Lunch
2011-11-29 15:24:39,Cupboard,Magnetic,Kitchen,Cupboard|Kitchen,Lunch
2011-11-29 15:45:49,Fridge,Magnetic,Kitchen,Fridge|Kitchen,Lunch
2011-11-29 15:49:51,Basin,PIR,Bathroom,Basin|Bathroom,Grooming
2011-11-29 15:52:04,Seat,Pressure,Living,Seat|Living,Spare_Time/TV
2011-11-29 16:31:16,Toilet,Flush,Bathroom,Toilet|Bathroom,Toileting
2011-11-29 16:34:17,Seat,Pressure,Living,Seat|Living,Spare_Time/TV
2011-11-29 17:08:58,Basin,PIR,Bathroom,Basin|Bathroom,Toileting
2011-11-29 17:09:04,Toilet,Flush,Bathroom,Toilet|Bathroom,Toileting
2011-11-29 17:09:09,Seat,Pressure,Living,Seat|Living,Toileting
2011-11-29 19:02:15,Maindoor,Magnetic,Entrance,Maindoor|Entrance,Leaving
2011-11-29 20:23:32,Maindoor,Magnetic,Entrance,Maindoor|Entrance,Leaving
2011-11-29 20:28:08,Seat,Pressure,Living,Seat|Living,Spare_Time/TV
2011-11-30 01:22:33,Bed,Pressure,Bedroom,Bed|Bedroom,Sleeping
2011-11-30 10:14:45,Shower,PIR,Bathroom,Shower|Bathroom,Showering
2011-11-30 10:23:02,Cupboard,Magnetic,Kitchen,Cupboard|Kitchen,Breakfast
2011-11-30 10:23:21,Fridge,Magnetic,Kitchen,Fridge|Kitchen,Breakfast
2011-11-30 10:23:46,Microwave,Electric,Kitchen,Microwave|Kitchen,Breakfast
2011-11-30 10:24:10,Toaster,Electric,Kitchen,Toaster|Kitchen,Breakfast
2011-11-30 10:39:30,Basin,PIR,Bathroom,Basin|Bathroom,Grooming
2011-11-30 10:39:42,Cabinet,Magnetic,Bathroom,Cabinet|Bathroom,Grooming
2011-11-30 10:41:38,Seat,Pressure,Living,Seat|Living,Spare_Time/TV
2011-11-30 13:05:27,Fridge,Magnetic,Kitchen,Fridge|Kitchen,Snack
2011-11-30 13:05:38,Seat,Pressure,Living,Seat|Living,Spare_Time/TV
2011-11-30 14:11:16,Toilet,Flush,Bathroom,Toilet|Bathroom,Toileting
2011-11-30 14:11:22,Basin,PIR,Bathroom,Basin|Bathroom,Toileting
2011-11-30 14:13:45,Seat,Pressure,Living,Seat|Living,Spare_Time/TV
2011-11-30 14:39:42,Cooktop,PIR,Kitchen,Cooktop|Kitchen,Lunch
2011-11-30 14:40:14,Cupboard,Magnetic,Kitchen,Cupboard|Kitchen,Lunch
2011-11-30 14:41:57,Fridge,Magnetic,Kitchen,Fridge|Kitchen,Lunch
2011-11-30 14:46:46,Fridge,Magnetic,Kitchen,Fridge|Kitchen,Lunch
2011-11-30 14:50:19,Fridge,Magnetic,Kitchen,Fridge|Kitchen,Lunch
2011-11-30 15:11:48,Seat,Pressure,Living,Seat|Living,Spare_Time/TV
2011-11-30 16:40:04,Basin,PIR,Bathroom,Basin|Bathroom,Toileting
2011-11-30 16:41:05,Fridge,Magnetic,Kitchen,Fridge|Kitchen,Snack
2011-11-30 16:41:15,Seat,Pressure,Living,Seat|Living,Spare_Time/TV
2011-11-30 18:01:44,Basin,PIR,Bathroom,Basin|Bathroom,Toileting
2011-11-30 18:01:46,Toilet,Flush,Bathroom,Toilet|Bathroom,Toileting
2011-11-30 18:01:54,Seat,Pressure,Living,Seat|Living,Spare_Time/TV
2011-11-30 18:57:08,Toilet,Flush,Bathroom,Toilet|Bathroom,Toileting
2011-11-30 18:57:39,Seat,Pressure,Living,Seat|Living,Spare_Time/TV
2011-11-30 19:37:36,Toilet,Flush,Bathroom,Toilet|Bathroom,Toileting
2011-11-30 19:37:40,Basin,PIR,Bathroom,Basin|Bathroom,Toileting
2011-11-30 19:46:44,Maindoor,Magnetic,Entrance,Maindoor|Entrance,Leaving
2011-11-30 20:05:07,Maindoor,Magnetic,Entrance,Maindoor|Entrance,Leaving
2011-11-30 20:13:39,Basin,PIR,Bathroom,Basin|Bathroom,Grooming
2011-11-30 20:14:03,Seat,Pressure,Living,Seat|Living,Spare_Time/TV
2011-12-01 01:37:52,Bed,Pressure,Bedroom,Bed|Bedroom,Sleeping
2011-12-01 10:55:03,Toilet,Flush,Bathroom,Toilet|Bathroom,Grooming
2011-12-01 10:55:08,Cabinet,Magnetic,Bathroom,Cabinet|Bathroom,Grooming
2011-12-01 10:55:16,Basin,PIR,Bathroom,Basin|Bathroom,Grooming
2011-12-01 10:58:37,Shower,PIR,Bathroom,Shower|Bathroom,Showering
2011-12-01 11:17:05,Toaster,Electric,Kitchen,Toaster|Kitchen,Breakfast
2011-12-01 11:17:14,Cupboard,Magnetic,Kitchen,Cupboard|Kitchen,Breakfast
2011-12-01 11:17:29,Fridge,Magnetic,Kitchen,Fridge|Kitchen,Breakfast
2011-12-01 11:17:49,Microwave,Electric,Kitchen,Microwave|Kitchen,Breakfast
2011-12-01 11:30:06,Seat,Pressure,Living,Seat|Living,Spare_Time/TV
2011-12-01 14:08:19,Basin,PIR,Bathroom,Basin|Bathroom,Spare_Time/TV
2011-12-01 14:29:37,Cooktop,PIR,Kitchen,Cooktop|Kitchen,Lunch
2011-12-01 14:29:48,Microwave,Electric,Kitchen,Microwave|Kitchen,Lunch
2011-12-01 14:38:25,Fridge,Magnetic,Kitchen,Fridge|Kitchen,Lunch
2011-12-01 14:49:15,Fridge,Magnetic,Kitchen,Fridge|Kitchen,Lunch
2011-12-01 15:09:00,Seat,Pressure,Living,Seat|Living,Spare_Time/TV
2011-12-01 16:26:35,Toilet,Flush,Bathroom,Toilet|Bathroom,Toileting
2011-12-01 16:26:36,Basin,PIR,Bathroom,Basin|Bathroom,Toileting
2011-12-01 17:29:29,Maindoor,Magnetic,Entrance,Maindoor|Entrance,Leaving
2011-12-01 18:49:46,Maindoor,Magnetic,Entrance,Maindoor|Entrance,Leaving
2011-12-01 18:55:03,Seat,Pressure,Living,Seat|Living,Spare_Time/TV
2011-12-01 23:53:00,Basin,PIR,Bathroom,Basin|Bathroom,Grooming
2011-12-01 23:54:32,Seat,Pressure,Living,Seat|Living,Spare_Time/TV
2011-12-02 01:18:44,Basin,PIR,Bathroom,Basin|Bathroom,Grooming
2011-12-02 01:19:09,Seat,Pressure,Living,Seat|Living,Spare_Time/TV
2011-12-02 02:09:33,Basin,PIR,Bathroom,Basin|Bathroom,Grooming
2011-12-02 02:15:55,Bed,Pressure,Bedroom,Bed|Bedroom,Sleeping
2011-12-02 12:21:19,Shower,PIR,Bathroom,Shower|Bathroom,Showering
2011-12-02 12:37:47,Seat,Pressure,Living,Seat|Living,Spare_Time/TV
2011-12-02 14:47:18,Cooktop,PIR,Kitchen,Cooktop|Kitchen,Lunch
2011-12-02 14:47:22,Microwave,Electric,Kitchen,Microwave|Kitchen,Lunch
2011-12-02 14:56:44,Fridge,Magnetic,Kitchen,Fridge|Kitchen,Lunch
2011-12-02 14:59:11,Fridge,Magnetic,Kitchen,Fridge|Kitchen,Lunch
2011-12-02 15:24:05,Seat,Pressure,Living,Seat|Living,Spare_Time/TV
2011-12-02 15:56:02,Basin,PIR,Bathroom,Basin|Bathroom,Grooming
2011-12-02 16:47:39,Seat,Pressure,Living,Seat|Living,Spare_Time/TV
2011-12-02 19:40:44,Fridge,Magnetic,Kitchen,Fridge|Kitchen,Snack
2011-12-02 19:41:14,Seat,Pressure,Living,Seat|Living,Spare_Time/TV
2011-12-02 21:46:31,Seat,Pressure,Living,Seat|Living,Spare_Time/TV
2011-12-03 01:47:02,Bed,Pressure,Bedroom,Bed|Bedroom,Sleeping
2011-12-03 11:59:33,Cabinet,Magnetic,Bathroom,Cabinet|Bathroom,Grooming
2011-12-03 11:59:42,Basin,PIR,Bathroom,Basin|Bathroom,Grooming
2011-12-03 12:03:36,Shower,PIR,Bathroom,Shower|Bathroom,Showering
2011-12-03 12:10:35,Toaster,Electric,Kitchen,Toaster|Kitchen,Breakfast
2011-12-03 12:10:42,Cupboard,Magnetic,Kitchen,Cupboard|Kitchen,Breakfast
2011-12-03 12:10:55,Fridge,Magnetic,Kitchen,Fridge|Kitchen,Breakfast
2011-12-03 12:11:36,Microwave,Electric,Kitchen,Microwave|Kitchen,Breakfast
2011-12-03 12:21:30,Seat,Pressure,Living,Seat|Living,Spare_Time/TV
2011-12-03 13:29:22,Basin,PIR,Bathroom,Basin|Bathroom,Grooming
2011-12-03 13:29:48,Seat,Pressure,Living,Seat|Living,Spare_Time/TV
2011-12-03 14:11:10,Basin,PIR,Bathroom,Basin|Bathroom,Grooming
2011-12-03 14:18:11,Maindoor,Magnetic,Entrance,Maindoor|Entrance,Leaving
2011-12-03 17:48:33,Maindoor,Magnetic,Entrance,Maindoor|Entrance,Leaving
2011-12-03 17:50:14,Seat,Pressure,Living,Seat|Living,Spare_Time/TV
2011-12-03 20:37:49,Maindoor,Magnetic,Entrance,Maindoor|Entrance,Spare_Time/TV
2011-12-03 20:38:15,Seat,Pressure,Living,Seat|Living,Spare_Time/TV
2011-12-03 23:55:18,Seat,Pressure,Living,Seat|Living,Spare_Time/TV
2011-12-04 03:19:17,Bed,Pressure,Bedroom,Bed|Bedroom,Sleeping
2011-12-04 12:46:11,Cabinet,Magnetic,Bathroom,Cabinet|Bathroom,Grooming
2011-12-04 12:46:20,Basin,PIR,Bathroom,Basin|Bathroom,Grooming
2011-12-04 12:50:56,Shower,PIR,Bathroom,Shower|Bathroom,Showering
2011-12-04 12:56:08,Fridge,Magnetic,Kitchen,Fridge|Kitchen,Breakfast
2011-12-04 12:56:21,Cupboard,Magnetic,Kitchen,Cupboard|Kitchen,Breakfast
2011-12-04 12:56:43,Microwave,Electric,Kitchen,Microwave|Kitchen,Breakfast
2011-12-04 12:56:47,Toaster,Electric,Kitchen,Toaster|Kitchen,Breakfast
2011-12-04 13:00:53,Seat,Pressure,Living,Seat|Living,Spare_Time/TV
2011-12-04 14:11:50,Maindoor,Magnetic,Entrance,Maindoor|Entrance,Leaving
2011-12-04 16:30:57,Maindoor,Magnetic,Entrance,Maindoor|Entrance,Leaving
2011-12-04 16:34:00,Seat,Pressure,Living,Seat|Living,Spare_Time/TV
2011-12-04 17:27:03,Fridge,Magnetic,Kitchen,Fridge|Kitchen,Snack
2011-12-04 17:27:16,Seat,Pressure,Living,Seat|Living,Spare_Time/TV
2011-12-04 17:45:15,Basin,PIR,Bathroom,Basin|Bathroom,Grooming
2011-12-04 18:08:28,Seat,Pressure,Living,Seat|Living,Spare_Time/TV
2011-12-04 18:59:06,Toilet,Flush,Bathroom,Toilet|Bathroom,Toileting
2011-12-04 18:59:09,Basin,PIR,Bathroom,Basin|Bathroom,Toileting
2011-12-04 18:59:53,Fridge,Magnetic,Kitchen,Fridge|Kitchen,Snack
2011-12-04 19:00:04,Seat,Pressure,Living,Seat|Living,Spare_Time/TV
2011-12-04 22:21:42,Toilet,Flush,Bathroom,Toilet|Bathroom,Toileting
2011-12-04 22:21:45,Basin,PIR,Bathroom,Basin|Bathroom,Toileting
2011-12-04 22:22:19,Seat,Pressure,Living,Seat|Living,Spare_Time/TV
2011-12-05 01:31:34,Basin,PIR,Bathroom,Basin|Bathroom,Grooming
2011-12-05 01:35:10,Bed,Pressure,Bedroom,Bed|Bedroom,Sleeping
2011-12-05 11:53:01,Toilet,Flush,Bathroom,Toilet|Bathroom,Toileting
2011-12-05 11:57:47,Basin,PIR,Bathroom,Basin|Bathroom,Grooming
2011-12-05 12:01:23,Shower,PIR,Bathroom,Shower|Bathroom,Showering
2011-12-05 12:14:49,Cupboard,Magnetic,Kitchen,Cupboard|Kitchen,Breakfast
2011-12-05 12:14:58,Fridge,Magnetic,Kitchen,Fridge|Kitchen,Breakfast
2011-12-05 12:15:45,Toaster,Electric,Kitchen,Toaster|Kitchen,Breakfast
2011-12-05 12:15:55,Microwave,Electric,Kitchen,Microwave|Kitchen,Breakfast
2011-12-05 12:16:02,Fridge,Magnetic,Kitchen,Fridge|Kitchen,Breakfast
2011-12-05 14:28:36,Basin,PIR,Bathroom,Basin|Bathroom,Grooming
2011-12-05 14:38:07,Maindoor,Magnetic,Entrance,Maindoor|Entrance,Leaving
2011-12-05 14:55:00,Maindoor,Magnetic,Entrance,Maindoor|Entrance,Leaving
2011-12-05 14:57:51,Fridge,Magnetic,Kitchen,Fridge|Kitchen,Lunch
2011-12-05 15:00:10,Cupboard,Magnetic,Kitchen,Cupboard|Kitchen,Lunch
2011-12-05 15:00:55,Cooktop,PIR,Kitchen,Cooktop|Kitchen,Lunch
2011-12-05 15:00:58,Microwave,Electric,Kitchen,Microwave|Kitchen,Lunch
2011-12-05 15:11:41,Fridge,Magnetic,Kitchen,Fridge|Kitchen,Lunch
2011-12-05 15:15:04,Fridge,Magnetic,Kitchen,Fridge|Kitchen,Lunch
2011-12-05 15:18:33,Fridge,Magnetic,Kitchen,Fridge|Kitchen,Lunch
2011-12-05 15:33:05,Fridge,Magnetic,Kitchen,Fridge|Kitchen,Lunch
2011-12-05 15:33:55,Cupboard,Magnetic,Kitchen,Cupboard|Kitchen,Lunch
2011-12-05 15:42:25,Basin,PIR,Bathroom,Basin|Bathroom,Grooming
2011-12-05 15:44:56,Seat,Pressure,Living,Seat|Living,Spare_Time/TV
2011-12-05 16:37:15,Seat,Pressure,Living,Seat|Living,Spare_Time/TV
2011-12-05 17:17:07,Maindoor,Magnetic,Entrance,Maindoor|Entrance,Leaving
2011-12-05 18:57:11,Maindoor,Magnetic,Entrance,Maindoor|Entrance,Leaving
2011-12-05 19:01:42,Seat,Pressure,Living,Seat|Living,Spare_Time/TV
2011-12-05 19:24:11,Fridge,Magnetic,Kitchen,Fridge|Kitchen,Snack
2011-12-05 19:24:22,Seat,Pressure,Living,Seat|Living,Spare_Time/TV
2011-12-05 20:07:32,Basin,PIR,Bathroom,Basin|Bathroom,Grooming
2011-12-05 20:20:20,Seat,Pressure,Living,Seat|Living,Spare_Time/TV
2011-12-05 21:06:35,Basin,PIR,Bathroom,Basin|Bathroom,Toileting
2011-12-05 21:06:44,Basin,PIR,Bathroom,Basin|Bathroom,Grooming
2011-12-05 21:07:14,Seat,Pressure,Living,Seat|Living,Spare_Time/TV
2011-12-06 00:39:56,Toilet,Flush,Bathroom,Toilet|Bathroom,Toileting
2011-12-06 00:40:35,Basin,PIR,Bathroom,Basin|Bathroom,Toileting
2011-12-06 00:42:37,Bed,Pressure,Bedroom,Bed|Bedroom,Sleeping
2011-12-06 11:09:49,Basin,PIR,Bathroom,Basin|Bathroom,Grooming
2011-12-06 11:10:06,Cabinet,Magnetic,Bathroom,Cabinet|Bathroom,Grooming
2011-12-06 11:10:08,Basin,PIR,Bathroom,Basin|Bathroom,Grooming
2011-12-06 11:12:19,Shower,PIR,Bathroom,Shower|Bathroom,Showering
2011-12-06 11:30:19,Toaster,Electric,Kitchen,Toaster|Kitchen,Breakfast
2011-12-06 11:30:22,Cupboard,Magnetic,Kitchen,Cupboard|Kitchen,Breakfast
2011-12-06 11:30:52,Fridge,Magnetic,Kitchen,Fridge|Kitchen,Breakfast
2011-12-06 11:31:34,Microwave,Electric,Kitchen,Microwave|Kitchen,Breakfast
2011-12-06 11:39:34,Seat,Pressure,Living,Seat|Living,Spare_Time/TV
2011-12-06 14:40:53,Cupboard,Magnetic,Kitchen,Cupboard|Kitchen,Lunch
2011-12-06 14:41:16,Cooktop,PIR,Kitchen,Cooktop|Kitchen,Lunch
2011-12-06 14:41:22,Microwave,Electric,Kitchen,Microwave|Kitchen,Lunch
2011-12-06 14:48:47,Fridge,Magnetic,Kitchen,Fridge|Kitchen,Lunch
2011-12-06 14:52:17,Fridge,Magnetic,Kitchen,Fridge|Kitchen,Lunch
2011-12-06 14:56:50,Fridge,Magnetic,Kitchen,Fridge|Kitchen,Lunch
2011-12-06 15:18:35,Basin,PIR,Bathroom,Basin|Bathroom,Grooming
2011-12-06 15:21:46,Seat,Pressure,Living,Seat|Living,Spare_Time/TV
2011-12-06 17:18:22,Toilet,Flush,Bathroom,Toilet|Bathroom,Toileting
2011-12-06 17:19:34,Seat,Pressure,Living,Seat|Living,Spare_Time/TV
2011-12-06 18:07:03,Basin,PIR,Bathroom,Basin|Bathroom,Grooming
2011-12-06 18:07:36,Seat,Pressure,Living,Seat|Living,Spare_Time/TV
2011-12-06 19:22:50,Fridge,Magnetic,Kitchen,Fridge|Kitchen,Snack
2011-12-06 19:25:56,Basin,PIR,Bathroom,Basin|Bathroom,Grooming
2011-12-06 19:40:28,Seat,Pressure,Living,Seat|Living,Spare_Time/TV
2011-12-07 00:07:47,Basin,PIR,Bathroom,Basin|Bathroom,Grooming
2011-12-07 00:08:10,Seat,Pressure,Living,Seat|Living,Spare_Time/TV
2011-12-07 00:57:29,Toilet,Flush,Bathroom,Toilet|Bathroom,Toileting
2011-12-07 00:59:56,Bed,Pressure,Bedroom,Bed|Bedroom,Sleeping
2011-12-07 10:50:38,Cabinet,Magnetic,Bathroom,Cabinet|Bathroom,Grooming
2011-12-07 10:50:45,Basin,PIR,Bathroom,Basin|Bathroom,Grooming
2011-12-07 11:05:51,Shower,PIR,Bathroom,Shower|Bathroom,Showering
2011-12-07 11:12:17,Toaster,Electric,Kitchen,Toaster|Kitchen,Breakfast
2011-12-07 11:12:35,Cupboard,Magnetic,Kitchen,Cupboard|Kitchen,Breakfast
2011-12-07 11:12:59,Fridge,Magnetic,Kitchen,Fridge|Kitchen,Breakfast
2011-12-07 11:13:20,Microwave,Electric,Kitchen,Microwave|Kitchen,Breakfast
2011-12-07 11:22:58,Seat,Pressure,Living,Seat|Living,Spare_Time/TV
2011-12-07 14:03:34,Cupboard,Magnetic,Kitchen,Cupboard|Kitchen,Lunch
2011-12-07 14:04:32,Cooktop,PIR,Kitchen,Cooktop|Kitchen,Lunch
2011-12-07 14:04:39,Microwave,Electric,Kitchen,Microwave|Kitchen,Lunch
2011-12-07 14:13:16,Fridge,Magnetic,Kitchen,Fridge|Kitchen,Lunch
2011-12-07 14:14:59,Fridge,Magnetic,Kitchen,Fridge|Kitchen,Lunch
2011-12-07 14:27:30,Cupboard,Magnetic,Kitchen,Cupboard|Kitchen,Lunch
2011-12-07 14:27:39,Fridge,Magnetic,Kitchen,Fridge|Kitchen,Lunch
2011-12-07 14:41:59,Seat,Pressure,Living,Seat|Living,Spare_Time/TV
2011-12-07 15:31:23,Basin,PIR,Bathroom,Basin|Bathroom,Grooming
2011-12-07 15:32:15,Seat,Pressure,Living,Seat|Living,Spare_Time/TV
2011-12-07 16:15:26,Basin,PIR,Bathroom,Basin|Bathroom,Grooming
2011-12-07 16:25:45,Maindoor,Magnetic,Entrance,Maindoor|Entrance,Leaving
2011-12-07 18:12:30,Maindoor,Magnetic,Entrance,Maindoor|Entrance,Leaving
2011-12-07 18:14:56,Basin,PIR,Bathroom,Basin|Bathroom,Grooming
2011-12-07 18:15:51,Seat,Pressure,Living,Seat|Living,Spare_Time/TV
2011-12-07 19:23:55,Fridge,Magnetic,Kitchen,Fridge|Kitchen,Snack
2011-12-07 19:24:02,Cupboard,Magnetic,Kitchen,Cupboard|Kitchen,Snack
2011-12-07 19:28:41,Fridge,Magnetic,Kitchen,Fridge|Kitchen,Snack
2011-12-07 20:37:50,Cupboard,Magnetic,Kitchen,Cupboard|Kitchen,Snack
2011-12-07 20:38:13,Fridge,Magnetic,Kitchen,Fridge|Kitchen,Snack
2011-12-07 20:39:16,Toilet,Flush,Bathroom,Toilet|Bathroom,Toileting
2011-12-07 20:40:29,Seat,Pressure,Living,Seat|Living,Spare_Time/TV
2011-12-07 20:52:23,Seat,Pressure,Living,Seat|Living,Spare_Time/TV
2011-12-07 23:19:40,Basin,PIR,Bathroom,Basin|Bathroom,Toileting
2011-12-07 23:20:16,Seat,Pressure,Living,Seat|Living,Spare_Time/TV
2011-12-08 01:39:41,Bed,Pressure,Bedroom,Bed|Bedroom,Sleeping
2011-12-08 11:17:37,Basin,PIR,Bathroom,Basin|Bathroom,Grooming
2011-12-08 11:18:02,Cabinet,Magnetic,Bathroom,Cabinet|Bathroom,Grooming
2011-12-08 11:18:10,Basin,PIR,Bathroom,Basin|Bathroom,Grooming
2011-12-08 11:19:22,Shower,PIR,Bathroom,Shower|Bathroom,Showering
2011-12-08 11:25:12,Toaster,Electric,Kitchen,Toaster|Kitchen,Breakfast
2011-12-08 11:25:18,Cupboard,Magnetic,Kitchen,Cupboard|Kitchen,Breakfast
2011-12-08 11:26:05,Fridge,Magnetic,Kitchen,Fridge|Kitchen,Breakfast
2011-12-08 11:26:31,Cooktop,PIR,Kitchen,Cooktop|Kitchen,Breakfast
2011-12-08 11:26:35,Microwave,Electric,Kitchen,Microwave|Kitchen,Breakfast
2011-12-08 11:36:09,Seat,Pressure,Living,Seat|Living,Spare_Time/TV
2011-12-08 14:04:49,Basin,PIR,Bathroom,Basin|Bathroom,Grooming
2011-12-08 14:10:03,Maindoor,Magnetic,Entrance,Maindoor|Entrance,Leaving
2011-12-08 16:21:37,Maindoor,Magnetic,Entrance,Maindoor|Entrance,Leaving
2011-12-08 16:24:27,Seat,Pressure,Living,Seat|Living,Spare_Time/TV
2011-12-08 22:13:35,Basin,PIR,Bathroom,Basin|Bathroom,Grooming
2011-12-08 22:14:14,Seat,Pressure,Living,Seat|Living,Spare_Time/TV
2011-12-08 23:14:09,Basin,PIR,Bathroom,Basin|Bathroom,Grooming
2011-12-08 23:14:35,Seat,Pressure,Living,Seat|Living,Spare_Time/TV
2011-12-09 01:04:24,Basin,PIR,Bathroom,Basin|Bathroom,Grooming
2011-12-09 01:16:42,Bed,Pressure,Bedroom,Bed|Bedroom,Sleeping
2011-12-09 10:51:56,Toilet,Flush,Bathroom,Toilet|Bathroom,Toileting
2011-12-09 10:52:30,Cabinet,Magnetic,Bathroom,Cabinet|Bathroom,Grooming
2011-12-09 10:52:40,Basin,PIR,Bathroom,Basin|Bathroom,Grooming
2011-12-09 10:54:58,Shower,PIR,Bathroom,Shower|Bathroom,Showering
2011-12-09 11:00:13,Toaster,Electric,Kitchen,Toaster|Kitchen,Breakfast
2011-12-09 11:00:38,Cupboard,Magnetic,Kitchen,Cupboard|Kitchen,Breakfast
2011-12-09 11:00:58,Fridge,Magnetic,Kitchen,Fridge|Kitchen,Breakfast
2011-12-09 11:01:26,Cooktop,PIR,Kitchen,Cooktop|Kitchen,Breakfast
2011-12-09 11:01:31,Microwave,Electric,Kitchen,Microwave|Kitchen,Breakfast
2011-12-09 11:09:35,Seat,Pressure,Living,Seat|Living,Spare_Time/TV
2011-12-09 12:33:21,Basin,PIR,Bathroom,Basin|Bathroom,Grooming
2011-12-09 12:44:16,Maindoor,Magnetic,Entrance,Maindoor|Entrance,Leaving
2011-12-09 16:33:52,Maindoor,Magnetic,Entrance,Maindoor|Entrance,Leaving
2011-12-09 16:45:53,Seat,Pressure,Living,Seat|Living,Spare_Time/TV
2011-12-09 17:06:38,Seat,Pressure,Living,Seat|Living,Spare_Time/TV
2011-12-09 17:59:25,Basin,PIR,Bathroom,Basin|Bathroom,Grooming
2011-12-09 18:02:18,Seat,Pressure,Living,Seat|Living,Spare_Time/TV
2011-12-09 18:32:02,Maindoor,Magnetic,Entrance,Maindoor|Entrance,Leaving
2011-12-09 18:48:30,Maindoor,Magnetic,Entrance,Maindoor|Entrance,Leaving
2011-12-09 19:19:54,Seat,Pressure,Living,Seat|Living,Spare_Time/TV
2011-12-09 21:04:37,Basin,PIR,Bathroom,Basin|Bathroom,Grooming
2011-12-09 21:04:59,Seat,Pressure,Living,Seat|Living,Spare_Time/TV
2011-12-10 00:16:31,Basin,PIR,Bathroom,Basin|Bathroom,Grooming
2011-12-10 00:17:05,Seat,Pressure,Living,Seat|Living,Spare_Time/TV
2011-12-10 00:50:47,Bed,Pressure,Bedroom,Bed|Bedroom,Sleeping
2011-12-10 09:37:16,Cabinet,Magnetic,Bathroom,Cabinet|Bathroom,Grooming
2011-12-10 09:37:26,Basin,PIR,Bathroom,Basin|Bathroom,Grooming
2011-12-10 09:46:00,Cabinet,Magnetic,Bathroom,Cabinet|Bathroom,Grooming
2011-12-10 09:46:23,Basin,PIR,Bathroom,Basin|Bathroom,Grooming
2011-12-10 09:47:44,Shower,PIR,Bathroom,Shower|Bathroom,Showering
2011-12-10 09:55:18,Cupboard,Magnetic,Kitchen,Cupboard|Kitchen,Breakfast
2011-12-10 09:55:50,Toaster,Electric,Kitchen,Toaster|Kitchen,Breakfast
2011-12-10 09:56:27,Cupboard,Magnetic,Kitchen,Cupboard|Kitchen,Breakfast
2011-12-10 09:56:33,Fridge,Magnetic,Kitchen,Fridge|Kitchen,Breakfast
2011-12-10 09:56:58,Microwave,Electric,Kitchen,Microwave|Kitchen,Breakfast
2011-12-10 09:58:21,Cooktop,PIR,Kitchen,Cooktop|Kitchen,Breakfast
2011-12-10 10:03:20,Seat,Pressure,Living,Seat|Living,Spare_Time/TV
2011-12-10 12:52:54,Basin,PIR,Bathroom,Basin|Bathroom,Grooming
2011-12-10 13:04:03,Maindoor,Magnetic,Entrance,Maindoor|Entrance,Leaving
2011-12-10 17:06:58,Maindoor,Magnetic,Entrance,Maindoor|Entrance,Leaving
2011-12-10 17:11:23,Seat,Pressure,Living,Seat|Living,Spare_Time/TV
2011-12-10 20:21:54,Basin,PIR,Bathroom,Basin|Bathroom,Grooming
2011-12-10 20:25:40,Maindoor,Magnetic,Entrance,Maindoor|Entrance,Leaving
2011-12-11 00:56:01,Maindoor,Magnetic,Entrance,Maindoor|Entrance,Leaving
2011-12-11 01:01:41,Seat,Pressure,Living,Seat|Living,Spare_Time/TV
2011-12-11 02:31:15,Bed,Pressure,Bedroom,Bed|Bedroom,Sleeping
2011-12-11 12:02:25,Basin,PIR,Bathroom,Basin|Bathroom,Grooming
2011-12-11 12:02:56,Shower,PIR,Bathroom,Shower|Bathroom,Showering
2011-12-11 12:21:57,Toaster,Electric,Kitchen,Toaster|Kitchen,Breakfast
2011-12-11 12:22:01,Cupboard,Magnetic,Kitchen,Cupboard|Kitchen,Breakfast
2011-12-11 12:22:07,Fridge,Magnetic,Kitchen,Fridge|Kitchen,Breakfast
2011-12-11 12:23:14,Microwave,Electric,Kitchen,Microwave|Kitchen,Breakfast
2011-12-11 12:32:49,Seat,Pressure,Living,Seat|Living,Spare_Time/TV
2011-12-11 14:34:12,Cupboard,Magnetic,Kitchen,Cupboard|Kitchen,Lunch
2011-12-11 14:36:58,Cooktop,PIR,Kitchen,Cooktop|Kitchen,Lunch
2011-12-11 14:37:04,Cupboard,Magnetic,Kitchen,Cupboard|Kitchen,Lunch
2011-12-11 14:43:05,Cupboard,Magnetic,Kitchen,Cupboard|Kitchen,Lunch
2011-12-11 14:49:47,Cupboard,Magnetic,Kitchen,Cupboard|Kitchen,Lunch
2011-12-11 15:13:52,Fridge,Magnetic,Kitchen,Fridge|Kitchen,Lunch
2011-12-11 15:29:03,Toilet,Flush,Bathroom,Toilet|Bathroom,Toileting
2011-12-11 15:41:34,Basin,PIR,Bathroom,Basin|Bathroom,Grooming
2011-12-11 15:43:51,Seat,Pressure,Living,Seat|Living,Spare_Time/TV
